embed,file,organism,tp,fp,tn,fn,mcc,acc,f1,prc,rec,npv,tnr,auc-roc,auc-pr
cnn,C018,Escherichia coli K-12 BW25113,227,289,3726,71,0.539022437,0.916531417,0.557739558,0.439922481,0.761744966,0.981301027,0.928019925,0.909245531,0.574566503
lstm,C018,Escherichia coli K-12 BW25113,210,366,3649,88,0.457426033,0.894736842,0.480549199,0.364583333,0.704697987,0.976451699,0.908841843,0.878033716,0.502579816
clstm,C018,Escherichia coli K-12 BW25113,232,233,3782,66,0.589163083,0.930674704,0.608125819,0.498924731,0.77852349,0.982848233,0.941967621,0.908561853,0.637758249
