embed,file,organism,tp,fp,tn,fn,mcc,acc,f1,prc,rec,npv,tnr,auc-roc,auc-pr
cnn,C018,Escherichia coli K-12 BW25113,226,288,3727,72,0.5374961339312172,0.9165314166473453,0.5566502463054186,0.4396887159533074,0.7583892617449665,0.9810476441168728,0.9282689912826899,0.9092467842904545,0.5746528782907229
cnn,total,all,226,288,3727,72,0.5374961339312172,0.9165314166473453,0.5566502463054186,0.4396887159533074,0.7583892617449665,0.9810476441168728,0.9282689912826899,0.9092467842904545,0.5746528782907229
lstm,C018,Escherichia coli K-12 BW25113,210,365,3650,88,0.4579482071685054,0.8949686992812428,0.4810996563573882,0.3652173913043478,0.7046979865771812,0.976457998929909,0.9090909090909091,0.8780203431761766,0.5025707827470911
lstm,total,all,210,365,3650,88,0.4579482071685054,0.8949686992812428,0.4810996563573882,0.3652173913043478,0.7046979865771812,0.976457998929909,0.9090909090909091,0.8780203431761766,0.5025707827470911
clstm,C018,Escherichia coli K-12 BW25113,232,233,3782,66,0.5891630829187566,0.9306747043821006,0.6081258191349935,0.4989247311827957,0.7785234899328859,0.9828482328482329,0.9419676214196762,0.9085618527836051,0.6377668515248338
clstm,total,all,232,233,3782,66,0.5891630829187566,0.9306747043821006,0.6081258191349935,0.4989247311827957,0.7785234899328859,0.9828482328482329,0.9419676214196762,0.9085618527836051,0.6377668515248338
