comb,file,organism,tp,fp,tn,fn,mcc,acc,f1,prc,rec,npv,tnr,auc-roc,auc-pr
clstm_t5,C018,C018,257,175,3840,41,0.6917206213015423,0.9499188499884071,0.7041095890410959,0.5949074074074074,0.8624161073825504,0.9894357124452461,0.9564134495641345,0.9465327170760653,0.7308783268336633
clstm_t5,C039,C039,264,213,5006,87,0.6176875475921612,0.9461400359066428,0.6376811594202898,0.5534591194968553,0.7521367521367521,0.9829177302179462,0.9591875838283196,0.9664615755820968,0.7184066019739105
clstm_t5,C035,C035,304,163,3243,176,0.5924401719045819,0.9127637673700463,0.6420274551214361,0.6509635974304069,0.6333333333333333,0.9485229599298041,0.9521432765707575,0.9333235466823254,0.7383216817575835
clstm_t5,C033,C033,319,229,3740,35,0.6950945838822542,0.9389312977099237,0.7073170731707317,0.5821167883211679,0.9011299435028248,0.990728476821192,0.9423028470647519,0.9716759689856274,0.8893182512349586
clstm_t5,C061,C061,300,178,2735,114,0.6244135273415222,0.9122332431620078,0.672645739910314,0.6276150627615062,0.7246376811594203,0.95998595998596,0.9388946103673189,0.9441376405286315,0.7466198155492033
clstm_t5,total,all,1444,958,18564,453,0.6412051789232723,0.93412390867921,0.6717841358455455,0.601165695253955,0.7612018977332631,0.9761792080769838,0.950927159102551,0.9524545439374805,0.7621032785739912
